{"cameraMode":{"drawMode":0,"name":"Shaded","section":"Shading Mode"},"sceneLighting":false,"audioPlay":false,"sceneViewState":{"showFog":true,"showMaterialUpdate":false,"showSkybox":false,"showFlares":true,"showImageEffects":true,"showParticleSystems":true},"in2DMode":false,"pivot":{"x":-65.59605407714844,"y":84.61190795898438,"z":-23.692459106445314},"rotation":{"x":0.09337460994720459,"y":0.12128695100545883,"z":0.01132854912430048,"w":-0.9882208704948425},"size":133.04393005371095,"orthographic":false}