{"cameraMode":{"drawMode":0,"name":"Shaded","section":"Shading Mode"},"sceneLighting":true,"audioPlay":false,"sceneViewState":{"showFog":true,"showMaterialUpdate":false,"showSkybox":true,"showFlares":true,"showImageEffects":true,"showParticleSystems":true},"in2DMode":false,"pivot":{"x":-1.963297963142395,"y":0.7084854245185852,"z":-4.04281759262085},"rotation":{"x":0.1866535097360611,"y":-0.0256206002086401,"z":0.005135057028383017,"w":0.9821742177009583},"size":0.45335203409194949,"orthographic":false}